frame,nose_x,nose_y,nose_detected,left_eye_x,left_eye_y,left_eye_detected,right_eye_x,right_eye_y,right_eye_detected,left_ear_x,left_ear_y,left_ear_detected,right_ear_x,right_ear_y,right_ear_detected,left_shoulder_x,left_shoulder_y,left_shoulder_detected,right_shoulder_x,right_shoulder_y,right_shoulder_detected,left_elbow_x,left_elbow_y,left_elbow_detected,right_elbow_x,right_elbow_y,right_elbow_detected,left_wrist_x,left_wrist_y,left_wrist_detected,right_wrist_x,right_wrist_y,right_wrist_detected,left_hip_x,left_hip_y,left_hip_detected,right_hip_x,right_hip_y,right_hip_detected,left_knee_x,left_knee_y,left_knee_detected,right_knee_x,right_knee_y,right_knee_detected,left_ankle_x,left_ankle_y,left_ankle_detected,right_ankle_x,right_ankle_y,right_ankle_detected
0,[     2586.6],[     244.42],True,[     2590.8],[     236.17],True,[          0],[          0],True,[     2609.9],[     231.83],True,[          0],[          0],True,[     2654.2],[     254.09],True,[     2619.9],[     271.77],True,[     2685.3],[     293.18],True,[     2657.9],[     329.21],True,[     2643.1],[     331.64],True,[     2639.2],[     356.66],True,[     2714.8],[     372.73],True,[     2677.8],[     382.56],True,[     2761.9],[     457.53],True,[       2643],[     463.88],True,[     2832.8],[     532.22],True,[     2708.5],[     541.41],True
1,[       2611],[     247.05],True,[     2615.9],[     238.55],True,[          0],[          0],True,[     2636.2],[     233.41],True,[          0],[          0],True,[     2672.3],[     258.98],True,[     2660.2],[     267.14],True,[     2714.6],[     296.05],True,[     2689.6],[      322.6],True,[     2676.4],[     336.73],True,[     2666.4],[     358.68],True,[     2741.7],[     373.22],True,[     2727.7],[     377.53],True,[     2749.4],[     468.82],True,[     2721.4],[     472.84],True,[     2836.7],[     546.19],True,[     2779.6],[     549.96],True
2,[     2599.4],[     250.16],True,[     2602.5],[     241.25],True,[          0],[          0],True,[     2619.3],[     234.42],True,[          0],[          0],True,[     2662.6],[     256.58],True,[       2637],[      270.9],True,[     2702.7],[     287.57],True,[     2668.8],[     329.41],True,[     2670.5],[      335.4],True,[     2653.4],[     363.98],True,[     2732.8],[     375.58],True,[     2705.8],[     382.99],True,[     2752.1],[      467.5],True,[       2693],[        475],True,[     2841.6],[     534.51],True,[     2748.3],[     555.65],True
3,[     786.77],[     76.497],True,[     787.45],[     73.701],True,[          0],[          0],True,[     2599.7],[     238.31],True,[          0],[          0],True,[       2646],[     257.38],True,[     2621.6],[     276.18],True,[     2687.3],[     286.11],True,[     2658.9],[     337.35],True,[     2662.2],[     337.82],True,[     803.18],[     111.23],True,[     2716.7],[     376.84],True,[     2690.1],[     386.89],True,[     2739.6],[     466.85],True,[     2679.5],[     476.93],True,[     2835.2],[     524.78],True,[     2736.6],[     558.84],True
4,[     7.9202],[     1.7916],True,[     7.6072],[     1.6336],True,[          0],[          0],True,[     2588.1],[     241.48],True,[          0],[          0],True,[     2634.2],[     259.87],True,[     2612.9],[     279.63],True,[     2676.4],[        287],True,[     2652.6],[     347.15],True,[     2655.2],[     342.53],True,[     8.1751],[     2.5107],True,[     2703.2],[     378.98],True,[     2678.9],[     389.48],True,[     2723.2],[     471.09],True,[     2671.9],[     478.69],True,[     2823.7],[     517.01],True,[       2730],[     560.18],True
5,[    -355.91],[    -33.171],True,[     1009.9],[     101.54],True,[          0],[          0],True,[     2581.2],[     245.07],True,[          0],[          0],True,[     2626.7],[     265.22],True,[     2605.7],[     282.61],True,[     2666.1],[     292.61],True,[     2643.6],[     350.41],True,[     2647.7],[     352.19],True,[     1037.3],[     160.63],True,[     2693.5],[     381.11],True,[     2670.4],[     390.47],True,[     2707.6],[     478.06],True,[     2666.7],[      483.8],True,[     2808.3],[     516.14],True,[     2728.3],[     558.65],True
6,[      708.6],[     74.568],True,[     1618.7],[     161.23],True,[          0],[          0],True,[     2578.1],[     247.03],True,[          0],[          0],True,[     2624.3],[     268.74],True,[     2603.5],[     283.05],True,[     2660.8],[     295.13],True,[     2638.3],[     350.73],True,[     2642.8],[     357.73],True,[     1661.2],[     256.31],True,[     2689.4],[     381.43],True,[     2665.8],[      389.7],True,[     2700.5],[     481.61],True,[     2666.6],[     485.99],True,[     2800.5],[     511.13],True,[     2730.1],[     558.09],True
7,[     270.22],[     30.683],True,[     2009.1],[     200.19],True,[          0],[          0],True,[       2575],[     248.72],True,[          0],[          0],True,[     2619.9],[     272.52],True,[     2599.5],[     284.69],True,[     2657.1],[     303.25],True,[       2631],[     351.97],True,[       2637],[     366.23],True,[       2057],[     319.91],True,[     2685.8],[     382.78],True,[       2664],[     389.84],True,[     2689.3],[     484.74],True,[     2662.8],[      487.1],True,[     2789.7],[     515.63],True,[     2730.7],[     552.58],True
8,[    -1.5639],[      3.263],True,[     2263.3],[     227.23],True,[          0],[          0],True,[       2567],[     250.23],True,[          0],[          0],True,[     2612.5],[     274.65],True,[     2592.9],[     284.41],True,[       2650],[     316.54],True,[     2620.8],[      352.5],True,[     2623.6],[     378.55],True,[     2314.4],[     362.63],True,[     2678.4],[      383.8],True,[     2659.5],[     389.54],True,[     2674.9],[     485.27],True,[     2659.4],[     485.56],True,[     2772.5],[     524.11],True,[     2740.8],[     539.77],True
9,[     844.39],[     91.233],True,[     2433.3],[     245.14],True,[          0],[          0],True,[     2561.3],[      250.9],True,[          0],[          0],True,[     2605.3],[      275.4],True,[     2585.5],[     286.28],True,[       2644],[     319.11],True,[     2607.7],[     351.61],True,[       2619],[     376.48],True,[     2479.3],[     388.19],True,[     2668.6],[     382.06],True,[     2650.9],[     387.78],True,[     2659.2],[     479.94],True,[       2648],[     481.43],True,[     2750.8],[     523.02],True,[     2726.9],[     530.08],True
10,[     499.37],[     55.362],True,[     2539.4],[     256.81],True,[          0],[          0],True,[     2551.2],[     251.74],True,[          0],[          0],True,[     2595.5],[     276.12],True,[     2577.9],[     288.87],True,[     2636.4],[     319.86],True,[     2596.6],[     352.59],True,[     2610.2],[     375.15],True,[     2581.1],[     405.61],True,[     2658.9],[     380.78],True,[     2644.2],[     386.98],True,[     2642.9],[      477.5],True,[     2638.3],[     480.95],True,[     2725.9],[     527.39],True,[     2715.5],[      529.8],True
11,[     1200.5],[     129.61],True,[     2602.9],[     264.77],True,[          0],[          0],True,[     2543.4],[     252.63],True,[          0],[          0],True,[     2587.9],[      277.1],True,[     2568.5],[     291.33],True,[     2628.4],[     319.87],True,[     2582.9],[     352.94],True,[     2603.8],[     371.95],True,[     2635.3],[      417.6],True,[     2651.3],[     381.13],True,[     2636.8],[     387.59],True,[     2626.2],[     476.36],True,[     2625.3],[      480.7],True,[     2703.6],[     528.64],True,[     2702.6],[     526.91],True
12,[     1737.5],[     186.32],True,[     2636.8],[     269.19],True,[          0],[          0],True,[     2538.2],[     253.09],True,[          0],[          0],True,[     2582.9],[     277.58],True,[     2562.1],[     293.13],True,[     2622.9],[     319.43],True,[     2573.5],[     353.32],True,[     2599.4],[     369.05],True,[     2662.4],[     424.17],True,[     2646.5],[     381.26],True,[       2632],[     388.02],True,[     2615.1],[     475.31],True,[       2616],[     480.44],True,[     2688.8],[     529.38],True,[     2693.3],[     525.21],True
13,[     2129.8],[     227.19],True,[     2644.6],[     269.68],True,[          0],[          0],True,[     2531.7],[     252.02],True,[          0],[          0],True,[       2574],[     276.69],True,[     2558.3],[     292.36],True,[     2610.5],[     322.14],True,[     2566.3],[     353.51],True,[     2580.8],[     369.28],True,[     2665.9],[     424.44],True,[     2641.4],[     381.14],True,[     2631.7],[     388.03],True,[     2601.2],[     476.31],True,[     2615.8],[     481.44],True,[     2673.7],[     533.34],True,[     2699.6],[     526.59],True
14,[     2404.9],[     257.51],True,[     2637.3],[     271.02],True,[          0],[          0],True,[     2525.4],[     253.34],True,[          0],[          0],True,[     2567.3],[     276.27],True,[     2547.7],[      297.2],True,[     2605.6],[      314.4],True,[     2555.7],[     357.04],True,[     2569.9],[     362.47],True,[     2652.7],[     419.58],True,[       2634],[     381.73],True,[     2619.7],[     389.57],True,[     2605.7],[     475.55],True,[     2597.3],[     476.91],True,[     2683.7],[     540.65],True,[     2676.1],[     526.16],True
15,[       1663],[     178.42],True,[     1697.9],[     175.27],True,[          0],[          0],True,[       2517],[     254.23],True,[          0],[          0],True,[     2557.5],[     276.64],True,[     2548.2],[     299.73],True,[     2596.8],[     307.29],True,[     2547.5],[     359.18],True,[     2555.9],[     353.52],True,[     2628.7],[     410.68],True,[     2620.8],[     380.09],True,[     2619.7],[     389.21],True,[     2577.7],[     465.29],True,[     2606.4],[     477.21],True,[     2648.6],[     538.08],True,[     2690.4],[     533.18],True
16,[     1978.1],[      210.7],True,[       1887],[      194.1],True,[          0],[          0],True,[     2508.7],[     253.09],True,[          0],[          0],True,[     2549.8],[     275.26],True,[     2540.7],[     298.79],True,[     2588.2],[      305.1],True,[     2538.4],[     358.02],True,[     2533.3],[     350.27],True,[     2600.7],[     399.77],True,[     2609.2],[     379.34],True,[     2611.7],[     389.08],True,[     2555.9],[     458.85],True,[     2607.8],[     477.82],True,[     2616.5],[     540.27],True,[     2697.5],[     541.16],True
17,[       2211],[     233.35],True,[     2047.7],[     209.25],True,[          0],[          0],True,[     2495.2],[     251.24],True,[          0],[          0],True,[     2534.2],[     275.45],True,[     2531.8],[      291.9],True,[     2567.9],[     310.06],True,[     2527.6],[     350.32],True,[     2506.9],[     346.38],True,[     2566.5],[     383.63],True,[     2594.9],[     379.04],True,[     2601.1],[     385.96],True,[     2547.6],[     457.36],True,[     2595.3],[      473.3],True,[     2606.5],[     544.71],True,[     2675.2],[     544.33],True
18,[     2378.1],[      249.4],True,[     2182.6],[     221.84],True,[          0],[          0],True,[     2486.2],[     249.63],True,[          0],[          0],True,[     2525.5],[     274.62],True,[     2520.9],[     287.24],True,[     2554.5],[     312.08],True,[     2518.5],[      345.9],True,[     2489.2],[     343.33],True,[     2537.3],[     370.95],True,[     2588.6],[     379.41],True,[     2586.4],[     384.22],True,[     2565.7],[     459.52],True,[     2565.2],[     466.91],True,[     2636.2],[     547.26],True,[     2627.4],[     547.06],True
19,[     2490.9],[     260.69],True,[       2291],[     231.99],True,[          0],[          0],True,[     2481.7],[      247.1],True,[          0],[          0],True,[     2520.8],[     271.98],True,[     2508.7],[     286.34],True,[     2551.4],[     309.51],True,[     2505.3],[     345.08],True,[     2486.6],[     335.04],True,[     2510.8],[     361.37],True,[     2582.1],[     377.91],True,[     2570.3],[     383.87],True,[     2578.3],[     458.08],True,[     2540.4],[      464.4],True,[       2657],[     546.26],True,[     2584.6],[     550.22],True
20,[     1650.6],[     172.48],True,[     2365.2],[     238.12],True,[          0],[          0],True,[     2471.9],[     244.32],True,[          0],[          0],True,[     2511.9],[     269.25],True,[     2497.9],[     283.92],True,[       2547],[     304.81],True,[     2488.7],[     338.18],True,[     2480.6],[     322.33],True,[     2484.6],[     347.85],True,[     2569.8],[      375.1],True,[     2564.3],[     381.03],True,[       2547],[     454.91],True,[     2554.9],[     463.48],True,[     2604.6],[     551.97],True,[     2610.7],[     544.94],True
21,[      989.1],[     103.09],True,[     1516.1],[     152.37],True,[          0],[          0],True,[     2462.2],[     242.15],True,[          0],[          0],True,[     2503.6],[     267.18],True,[     2486.6],[     281.57],True,[     2542.8],[     301.94],True,[     2471.6],[     331.39],True,[     2473.7],[     313.82],True,[       2459],[     336.37],True,[     2556.9],[     372.94],True,[     2555.2],[     378.56],True,[     2521.6],[     453.31],True,[     2563.7],[     463.12],True,[     2561.3],[     556.53],True,[     2629.1],[     540.15],True
22,[     1385.5],[     143.88],True,[     1753.8],[     175.85],True,[          0],[          0],True,[     2450.7],[      240.8],True,[          0],[          0],True,[     2492.4],[     266.92],True,[     2474.6],[     278.36],True,[       2533],[     306.77],True,[       2465],[      326.4],True,[     2464.7],[     309.87],True,[     2446.4],[     322.82],True,[     2543.7],[     372.43],True,[     2544.3],[     376.88],True,[     2500.1],[      454.8],True,[     2564.7],[     464.17],True,[     2525.2],[     560.37],True,[     2641.4],[     535.59],True
23,[     1715.8],[     179.07],True,[     1955.2],[     196.88],True,[          0],[          0],True,[     2441.1],[     240.43],True,[          0],[          0],True,[     2482.9],[     268.16],True,[     2460.7],[     276.49],True,[       2521],[     312.12],True,[     2450.2],[     321.33],True,[     2452.7],[     306.15],True,[       2427],[     315.29],True,[     2532.1],[     373.82],True,[     2531.7],[     377.12],True,[     2481.7],[     457.11],True,[     2559.6],[     466.33],True,[     2498.2],[     564.89],True,[     2646.7],[     528.59],True
24,[     1089.5],[     113.58],True,[     1227.1],[     123.47],True,[          0],[          0],True,[       2435],[     240.27],True,[          0],[          0],True,[     2476.8],[     269.24],True,[     2451.5],[     275.12],True,[     2512.9],[     316.31],True,[     2440.8],[     317.72],True,[     2444.9],[     304.03],True,[       2414],[     310.79],True,[     2524.6],[     375.05],True,[     2523.3],[     377.43],True,[     2469.5],[     459.13],True,[       2556],[     468.03],True,[     2480.7],[      568.1],True,[     2650.7],[     523.25],True
25,[       1491],[     156.77],True,[     1554.8],[      157.3],True,[          0],[          0],True,[     2424.8],[     240.19],True,[          0],[          0],True,[     2467.3],[     269.46],True,[     2442.2],[     275.37],True,[     2503.4],[     317.33],True,[     2435.8],[     319.14],True,[     2435.9],[     305.45],True,[     2406.1],[     306.72],True,[     2514.3],[     376.95],True,[     2512.3],[     379.38],True,[     2454.8],[     464.63],True,[       2544],[     471.35],True,[       2468],[     560.97],True,[     2643.4],[     526.95],True
26,[     1811.3],[      193.1],True,[     1823.8],[     187.33],True,[          0],[          0],True,[     2412.6],[     242.01],True,[          0],[          0],True,[     2458.3],[     270.92],True,[     2427.6],[     276.48],True,[     2491.3],[     323.49],True,[     2421.6],[     319.66],True,[     2425.2],[     310.24],True,[     2394.7],[     306.59],True,[     2503.3],[     380.16],True,[     2495.7],[     382.68],True,[     2445.4],[     469.58],True,[     2525.1],[     479.15],True,[     2461.7],[     564.36],True,[     2630.1],[     519.83],True
27,[     2056.1],[     222.95],True,[     2035.3],[      212.5],True,[          0],[          0],True,[     2401.4],[     243.28],True,[          0],[          0],True,[     2446.7],[     272.15],True,[       2419],[     275.28],True,[     2479.5],[     328.38],True,[     2416.1],[     320.39],True,[       2416],[     318.58],True,[     2382.2],[     308.04],True,[     2490.6],[        384],True,[     2482.8],[     385.16],True,[     2434.8],[     475.99],True,[     2503.7],[     480.88],True,[       2462],[     556.39],True,[     2606.3],[     520.41],True
28,[     1360.4],[     148.21],True,[     1319.3],[     138.49],True,[          0],[          0],True,[     2389.9],[     246.08],True,[          0],[          0],True,[     2433.2],[     275.49],True,[     2412.8],[     275.01],True,[     2456.8],[     334.39],True,[     2409.1],[     322.43],True,[     2398.6],[     324.87],True,[     2372.4],[     310.39],True,[     2475.4],[     387.55],True,[       2469],[     387.01],True,[     2425.8],[     480.59],True,[     2478.6],[     481.43],True,[     2467.1],[     549.66],True,[     2578.1],[     521.06],True
29,[     1678.8],[      185.9],True,[     1629.2],[      173.7],True,[          0],[          0],True,[     2376.3],[     246.14],True,[          0],[          0],True,[       2418],[     274.44],True,[     2401.4],[     274.01],True,[     2437.1],[      335.6],True,[     2399.7],[     324.73],True,[       2383],[     332.54],True,[     2361.7],[      315.2],True,[     2462.5],[     387.16],True,[     2455.3],[     386.68],True,[     2417.6],[     483.38],True,[       2455],[     482.63],True,[     2470.9],[     545.14],True,[     2549.6],[     523.79],True
30,[     1933.1],[     215.86],True,[     1882.2],[     202.27],True,[          0],[          0],True,[     2367.4],[     246.24],True,[          0],[          0],True,[     2407.5],[     273.91],True,[     2394.6],[     272.86],True,[     2422.2],[     336.34],True,[     2393.9],[     325.74],True,[     2371.7],[     337.31],True,[     2355.4],[     319.24],True,[     2454.2],[     387.07],True,[       2447],[     386.35],True,[     2412.8],[     485.67],True,[     2438.8],[     483.28],True,[     2475.3],[     541.99],True,[     2529.4],[      525.4],True
31,[     2123.2],[     238.61],True,[     2075.3],[     224.39],True,[          0],[          0],True,[     2356.9],[     246.58],True,[          0],[          0],True,[     2395.8],[     276.06],True,[     2392.7],[     271.76],True,[     2401.1],[      338.8],True,[     1505.9],[     205.74],True,[       2352],[     341.75],True,[       2341],[     322.41],True,[     2444.3],[     390.77],True,[     2441.5],[     388.51],True,[     2408.4],[     489.05],True,[     2422.2],[     484.28],True,[     2479.5],[     540.22],True,[     2506.1],[     525.28],True
32,[     2254.4],[     251.43],True,[     2213.2],[     237.08],True,[          0],[          0],True,[       2347],[     244.89],True,[          0],[          0],True,[     2384.5],[     276.79],True,[     2380.5],[     274.19],True,[     2382.9],[      337.9],True,[     1699.8],[     236.24],True,[     2335.4],[     342.07],True,[     2331.8],[     328.44],True,[     2434.3],[     390.37],True,[     2428.2],[     388.65],True,[     2403.2],[     488.15],True,[     2401.6],[     483.21],True,[     2478.5],[     539.78],True,[       2478],[     528.08],True
33,[     1486.3],[     166.25],True,[     2303.2],[     246.85],True,[          0],[          0],True,[     2333.2],[      244.3],True,[          0],[          0],True,[     2373.2],[     277.43],True,[     2370.2],[     271.29],True,[     2370.6],[     339.48],True,[     1876.5],[     257.45],True,[     2324.3],[     341.33],True,[     2324.4],[     326.19],True,[       2423],[     390.17],True,[     2415.7],[     386.73],True,[     2399.2],[      486.5],True,[       2384],[     478.98],True,[     2482.3],[     540.67],True,[       2455],[     527.96],True
34,[     1727.3],[     191.42],True,[       2354],[     250.66],True,[          0],[          0],True,[     2318.6],[     240.57],True,[          0],[          0],True,[     2360.7],[     273.85],True,[     2350.2],[     268.82],True,[       2364],[     337.33],True,[       2018],[     277.02],True,[     2315.5],[     340.09],True,[     2313.6],[      325.8],True,[     2410.3],[     388.35],True,[     2395.7],[     385.09],True,[     2396.5],[     483.31],True,[     2355.9],[     475.53],True,[     2485.1],[     543.67],True,[       2421],[     531.76],True
35,[       1080],[     119.81],True,[     2376.2],[     253.14],True,[          0],[          0],True,[     2303.5],[     239.12],True,[          0],[          0],True,[     2349.2],[      272.5],True,[     2336.9],[     267.12],True,[     2356.7],[     334.62],True,[     2130.7],[     291.39],True,[     2305.2],[     337.48],True,[     2303.2],[     324.68],True,[     2397.2],[     389.55],True,[     2379.6],[     385.64],True,[     2393.6],[     478.25],True,[     2330.9],[     469.87],True,[     2486.4],[     547.18],True,[     2384.5],[     535.38],True
36,[     585.62],[     65.079],True,[     2382.7],[     253.92],True,[          0],[          0],True,[     2293.8],[     238.17],True,[          0],[          0],True,[       2342],[     271.67],True,[     2328.5],[     265.86],True,[     2352.5],[     332.71],True,[     2218.7],[     302.22],True,[     2298.8],[     335.41],True,[     2296.8],[     323.74],True,[     2388.4],[     390.51],True,[       2369],[     386.04],True,[     2392.4],[     474.48],True,[     2314.4],[     465.62],True,[     2487.5],[     550.11],True,[     2359.7],[     537.96],True
37,[     1061.2],[     118.46],True,[       2373],[      253.8],True,[          0],[          0],True,[     2282.2],[     236.97],True,[          0],[          0],True,[     2330.4],[     268.99],True,[     2314.8],[     263.73],True,[     2345.8],[     329.85],True,[     2278.5],[     308.67],True,[     2290.1],[     336.66],True,[     2287.5],[     323.41],True,[       2377],[      388.2],True,[       2355],[     383.73],True,[     2386.8],[     471.24],True,[     2300.2],[     462.38],True,[     2482.1],[     551.48],True,[     2330.8],[     539.14],True
38,[     622.69],[     69.706],True,[     2351.8],[     251.81],True,[          0],[          0],True,[     2268.2],[     235.29],True,[          0],[          0],True,[       2317],[     266.13],True,[     2303.6],[     259.64],True,[     2335.8],[     324.74],True,[     2317.6],[        308],True,[     2282.4],[     337.88],True,[     2278.9],[      322.3],True,[     2362.7],[     386.32],True,[     2341.7],[     381.12],True,[     2378.4],[     470.84],True,[     2287.1],[     461.24],True,[     2473.8],[     554.81],True,[     2304.7],[     541.42],True
39,[     296.36],[     33.391],True,[     2326.3],[     249.72],True,[          0],[          0],True,[     2254.3],[     233.52],True,[          0],[          0],True,[     2304.1],[     262.91],True,[     2291.3],[     258.77],True,[     2324.3],[     320.57],True,[     2335.2],[     314.07],True,[     2272.5],[     332.68],True,[     2267.6],[     321.88],True,[     2349.4],[     384.94],True,[     2328.5],[     380.76],True,[     2363.2],[     469.74],True,[     2272.4],[     461.91],True,[     2460.3],[     553.23],True,[     2283.2],[     541.31],True
40,[     887.23],[     99.376],True,[     2299.2],[     247.06],True,[          0],[          0],True,[     2242.8],[     232.12],True,[          0],[          0],True,[     2292.2],[     261.26],True,[     2279.9],[     257.54],True,[     2311.7],[      318.9],True,[     2340.8],[     316.14],True,[     2260.4],[     331.76],True,[     2256.3],[     321.82],True,[     2334.4],[     384.16],True,[     2313.9],[     380.01],True,[     2346.1],[     470.19],True,[     2259.7],[     462.76],True,[     2443.5],[     552.39],True,[     2265.2],[     540.35],True
41,[     546.14],[     61.306],True,[     2270.8],[     244.03],True,[          0],[          0],True,[     2228.6],[        231],True,[          0],[          0],True,[     2277.1],[     258.45],True,[       2264],[      257.3],True,[     2301.3],[     315.67],True,[     2331.8],[     318.02],True,[     2246.4],[     329.43],True,[     2238.7],[     318.99],True,[     2319.5],[     379.91],True,[       2299],[     377.01],True,[     2326.2],[     467.37],True,[       2247],[     462.16],True,[     2419.3],[     550.38],True,[     2251.9],[     540.09],True
42,[      287.4],[     32.401],True,[     2248.2],[     241.53],True,[          0],[          0],True,[     2219.5],[     230.37],True,[          0],[          0],True,[       2267],[     256.52],True,[     2253.4],[     257.35],True,[     2294.8],[     313.25],True,[     2321.3],[     318.73],True,[     2237.1],[      327.8],True,[     2226.7],[     316.73],True,[     2309.9],[     376.63],True,[     2289.6],[     374.73],True,[     2312.4],[     465.31],True,[     2239.6],[     461.85],True,[     2401.9],[     548.82],True,[       2245],[     539.85],True
43,[     910.56],[      103.4],True,[     2225.4],[     240.55],True,[          0],[          0],True,[     2209.8],[     231.03],True,[          0],[          0],True,[     2257.6],[     257.15],True,[     2242.8],[     259.56],True,[     2288.5],[     313.07],True,[     2304.2],[     321.28],True,[     2231.3],[      326.5],True,[     2216.4],[     315.66],True,[     2298.5],[     375.88],True,[     2278.7],[     374.76],True,[     2294.9],[     464.97],True,[     2232.4],[      462.9],True,[     2380.5],[     548.49],True,[     2242.8],[     540.58],True
44,[     1063.8],[     167.07],True,[       1399],[     151.52],True,[      465.2],[     96.245],True,[     1387.8],[     145.37],True,[     458.48],[     98.034],True,[     1862.7],[      271.7],True,[       1862],[     275.16],True,[     1884.4],[     326.33],True,[     1907.6],[     334.18],True,[     1860.5],[     339.92],True,[     1849.4],[     335.58],True,[     1870.1],[     388.17],True,[     1866.5],[     387.98],True,[     1866.7],[     473.47],True,[     1857.2],[     472.76],True,[     1893.2],[     551.47],True,[     1850.3],[     549.57],True
45,[     1179.5],[     212.64],True,[     766.13],[     83.275],True,[     825.88],[     167.44],True,[      758.6],[     79.748],True,[     815.63],[      170.1],True,[     1567.3],[     280.78],True,[     1571.3],[     285.11],True,[     1130.2],[     206.87],True,[     1606.2],[     344.39],True,[     1584.3],[     345.87],True,[     1576.4],[     345.72],True,[     1552.9],[     396.45],True,[     1554.9],[     397.65],True,[     1555.5],[     478.69],True,[     1566.2],[     480.01],True,[     1543.1],[     554.09],True,[     1540.6],[     557.36],True
46,[     1263.1],[     245.67],True,[      305.7],[     33.574],True,[       1092],[     219.51],True,[      301.1],[     31.981],True,[     1080.2],[     222.72],True,[     1362.5],[     288.91],True,[       1366],[     292.66],True,[     1023.5],[      244.7],True,[     1391.9],[     352.08],True,[     1391.1],[     349.97],True,[     1387.2],[     351.77],True,[     1334.3],[     403.07],True,[     1332.8],[     404.89],True,[     1352.9],[     482.25],True,[     1342.4],[     485.18],True,[     1331.6],[     555.26],True,[     1288.7],[     562.06],True
47,[     1636.1],[     263.97],True,[     783.48],[      88.64],True,[     803.08],[     161.32],True,[     788.61],[     86.446],True,[     794.46],[     163.67],True,[     1581.5],[      283.3],True,[     1571.5],[     288.19],True,[     1340.7],[     265.09],True,[     1586.7],[     346.26],True,[     1592.1],[     339.25],True,[     1582.8],[     342.77],True,[     1568.6],[      398.3],True,[     1559.6],[     400.09],True,[     1563.8],[     477.94],True,[     1558.2],[     479.82],True,[     1559.9],[     554.29],True,[     1537.9],[     557.12],True
48,[     1912.1],[     274.52],True,[     1193.6],[      135.5],True,[     556.85],[     111.77],True,[     1206.2],[     132.68],True,[     550.93],[     113.38],True,[     1770.3],[     278.34],True,[     1749.6],[     284.06],True,[     1612.1],[      282.2],True,[     1756.3],[     340.97],True,[     1765.4],[     330.46],True,[     1752.2],[     335.21],True,[     1770.6],[      394.2],True,[     1755.6],[     395.88],True,[     1747.3],[     474.26],True,[     1744.5],[     475.14],True,[     1759.2],[     553.26],True,[     1751.7],[     552.66],True
49,[     2099.6],[     279.32],True,[     1523.1],[     173.35],True,[     357.15],[     71.603],True,[     1541.7],[     168.74],True,[     353.42],[     72.626],True,[     1918.9],[     272.69],True,[     1891.5],[     280.18],True,[     1824.9],[     296.94],True,[     1891.4],[     339.28],True,[       1900],[     323.56],True,[     1884.1],[     328.29],True,[     1931.5],[     391.45],True,[     1911.8],[     393.46],True,[     1894.5],[     470.47],True,[     1888.5],[     471.57],True,[     1922.7],[     555.06],True,[     1913.6],[     553.05],True
50,[     2214.9],[     280.13],True,[     1773.8],[     203.08],True,[      202.7],[     40.558],True,[     1795.6],[     198.47],True,[     200.64],[     41.126],True,[     2029.2],[     269.51],True,[     1997.6],[     278.17],True,[     1986.9],[     307.43],True,[     1992.6],[      337.4],True,[     2002.7],[     319.92],True,[     1984.9],[     323.46],True,[     2051.6],[     387.65],True,[     2028.4],[     389.97],True,[     2009.6],[     466.75],True,[     1996.5],[     468.24],True,[     2049.3],[     555.85],True,[     2027.4],[     553.39],True
51,[     2275.6],[     277.98],True,[     1954.5],[     224.45],True,[     89.093],[     17.737],True,[     1977.1],[     218.63],True,[     88.254],[     17.972],True,[     2106.4],[     265.34],True,[     2076.7],[     273.54],True,[     2103.3],[     313.76],True,[     2072.2],[     333.29],True,[     2073.8],[     318.62],True,[     2055.3],[     319.56],True,[     2130.4],[     384.66],True,[     2111.8],[     386.34],True,[     2078.8],[     466.26],True,[     2086.1],[     467.77],True,[       2106],[     556.57],True,[     2128.7],[     553.33],True
52,[     2295.3],[     275.26],True,[     2075.9],[     240.26],True,[      10.29],[     1.9197],True,[     2100.2],[      233.3],True,[     10.288],[     1.9267],True,[     2157.7],[     263.84],True,[     2126.4],[     269.17],True,[     2176.8],[        321],True,[     2120.8],[     328.75],True,[     2115.5],[     317.06],True,[     2100.6],[     316.09],True,[     2181.3],[     381.62],True,[     2164.3],[     381.48],True,[       2122],[     464.76],True,[     2141.6],[     464.31],True,[     2141.2],[     558.67],True,[     2195.2],[      552.7],True
53,[     2288.6],[     271.05],True,[     2150.9],[     249.35],True,[    -40.277],[    -8.2183],True,[     2174.3],[     241.77],True,[    -39.751],[    -8.3561],True,[     2183.7],[     261.84],True,[     2153.5],[     267.04],True,[     2218.5],[     322.64],True,[     2148.9],[     324.49],True,[     2138.9],[     313.96],True,[     2124.7],[     310.39],True,[     2208.4],[      377.5],True,[     2193.9],[     377.26],True,[     2145.5],[     463.84],True,[     2174.1],[     463.06],True,[     2158.9],[     559.65],True,[       2232],[     552.58],True
54,[     2268.1],[     266.71],True,[       2193],[     254.31],True,[        -69],[    -13.965],True,[     2215.2],[     246.35],True,[    -68.182],[    -14.184],True,[       2197],[     260.57],True,[     2167.9],[     265.71],True,[     2240.8],[     323.08],True,[     2164.7],[     321.47],True,[     2151.3],[     312.01],True,[     2137.5],[     306.56],True,[     2222.3],[     374.63],True,[     2209.8],[      374.4],True,[     2157.7],[     463.34],True,[     2192.5],[     462.38],True,[     2166.7],[     560.23],True,[     2252.5],[     552.48],True
55,[     1472.3],[     170.29],True,[     2204.7],[      256.6],True,[    -81.651],[    -16.484],True,[     2225.9],[     249.46],True,[    -80.714],[    -16.736],True,[     2194.9],[     262.32],True,[     2171.1],[     264.78],True,[     2242.5],[     325.99],True,[     2168.2],[     319.72],True,[       2152],[     310.61],True,[     2136.1],[     304.28],True,[     2219.9],[     377.44],True,[     2210.7],[     375.93],True,[     2159.4],[     465.58],True,[     2193.3],[     463.28],True,[     2169.3],[     561.22],True,[     2251.7],[     552.04],True
56,[     852.95],[     95.884],True,[     2197.1],[     257.48],True,[    -83.151],[    -16.764],True,[     2216.7],[     249.42],True,[    -82.212],[    -17.017],True,[       2183],[     261.79],True,[     2164.5],[     263.89],True,[     2229.9],[     325.99],True,[     2160.9],[     320.45],True,[     2140.7],[     310.94],True,[     2124.6],[     305.85],True,[     2207.7],[     379.25],True,[     2200.7],[     377.31],True,[     2147.8],[     465.06],True,[     2175.2],[      462.7],True,[       2166],[     560.09],True,[       2233],[     550.98],True
57,[     1146.4],[     134.17],True,[     2175.7],[      256.9],True,[     -77.49],[    -15.609],True,[     2194.6],[     249.51],True,[    -76.626],[    -15.843],True,[     2165.2],[     263.37],True,[     2148.2],[     264.36],True,[     2208.9],[     328.02],True,[     2145.1],[     321.42],True,[     2123.1],[     311.14],True,[     2108.3],[     306.53],True,[     2190.3],[     381.75],True,[     2182.5],[     379.29],True,[     2133.5],[     467.07],True,[     2151.5],[     463.94],True,[     2157.7],[     563.14],True,[     2205.4],[     553.22],True
58,[     650.45],[     74.817],True,[     1398.7],[     165.86],True,[     -67.76],[     -13.64],True,[     2161.6],[     248.57],True,[    -67.011],[    -13.843],True,[     2140.8],[     263.15],True,[     2127.7],[     264.02],True,[     2180.1],[     327.16],True,[     2124.6],[     322.18],True,[     2099.6],[     310.75],True,[     2086.8],[     306.94],True,[     2169.4],[        382],True,[     2162.3],[     379.53],True,[     2111.3],[     465.03],True,[     2121.5],[     461.91],True,[     2140.9],[     560.74],True,[     2168.8],[     550.69],True
59,[     285.67],[     31.404],True,[     1538.7],[     185.94],True,[    -56.233],[    -11.313],True,[     2126.7],[     248.78],True,[    -55.617],[     -11.48],True,[     2116.3],[     266.54],True,[     2108.7],[     264.42],True,[     2145.6],[     331.25],True,[       2104],[     323.26],True,[     2074.6],[     312.32],True,[     2064.1],[     307.42],True,[     2149.1],[     384.32],True,[     2143.6],[     380.57],True,[     2087.8],[     463.38],True,[     2089.6],[     458.51],True,[     2124.5],[     559.32],True,[     2131.8],[     547.07],True
60,[      32.68],[     1.5023],True,[     1665.1],[     203.57],True,[    -44.488],[    -8.9449],True,[     2096.8],[     248.36],True,[    -44.004],[    -9.0763],True,[     2097.2],[     269.04],True,[     2093.3],[     264.91],True,[     2117.5],[     334.35],True,[     2087.3],[     324.68],True,[     2054.7],[     313.76],True,[     2046.1],[     308.16],True,[       2133],[     386.04],True,[     2128.3],[     381.45],True,[     2069.6],[     462.18],True,[     2064.9],[     456.13],True,[     2111.1],[     558.29],True,[     2102.7],[     544.61],True
61,[     607.04],[     76.925],True,[       1768],[     218.68],True,[    -33.538],[    -6.7392],True,[     2069.8],[     247.85],True,[    -33.177],[    -6.8376],True,[     2077.3],[     269.51],True,[     2071.3],[      266.4],True,[     2094.8],[     333.28],True,[     2066.5],[        325],True,[       2037],[     318.72],True,[     2026.4],[     311.77],True,[     2111.2],[     386.34],True,[     2105.1],[      382.2],True,[     2052.2],[     462.07],True,[     2046.4],[     456.65],True,[     2089.5],[     555.94],True,[     2079.2],[     543.63],True
62,[     1076.8],[     139.51],True,[     1847.7],[     230.83],True,[    -23.961],[    -4.8113],True,[     2043.8],[     247.53],True,[    -23.705],[     -4.881],True,[     2059.7],[     270.38],True,[     2052.9],[     269.44],True,[     2077.3],[     331.27],True,[     2047.9],[     327.98],True,[     2023.3],[     324.03],True,[     2009.3],[     317.81],True,[     2092.1],[     387.97],True,[     2085.5],[     384.79],True,[     2029.7],[     461.62],True,[     2024.7],[     457.68],True,[     2065.6],[     553.67],True,[       2056],[     543.07],True
63,[     1437.8],[     190.59],True,[     1901.4],[     242.01],True,[    -16.011],[    -3.2118],True,[     2016.9],[     248.76],True,[    -15.842],[     -3.258],True,[     2038.8],[     273.39],True,[     2036.7],[     273.03],True,[     2057.8],[     332.59],True,[     2031.5],[     331.95],True,[     2006.6],[      329.7],True,[     1990.6],[      323.8],True,[     2072.6],[     389.92],True,[     2070.1],[     386.97],True,[     2006.8],[     461.99],True,[     2007.4],[     458.72],True,[     2040.3],[     554.51],True,[     2037.3],[     544.59],True
64,[     1704.6],[      230.2],True,[     1937.5],[     251.43],True,[    -9.7195],[    -1.9469],True,[     1995.4],[     250.58],True,[    -9.6192],[    -1.9745],True,[     2022.9],[     277.48],True,[     2023.1],[     277.38],True,[     2036.4],[     337.57],True,[     2015.7],[     338.68],True,[     1987.2],[     332.71],True,[     1974.7],[     328.09],True,[     2055.9],[     392.97],True,[     2056.3],[     389.94],True,[     1984.8],[     463.52],True,[       1994],[     460.44],True,[       2010],[     559.93],True,[     2022.5],[      550.8],True
65,[     1171.2],[     159.38],True,[     1239.4],[     162.72],True,[    -4.9755],[   -0.99366],True,[     1250.6],[     159.13],True,[     542.81],[     92.366],True,[     1808.3],[     282.86],True,[     1802.8],[     283.89],True,[     1823.1],[     342.63],True,[       1795],[     344.59],True,[     1800.3],[     337.41],True,[     1789.2],[     335.74],True,[       1827],[     399.09],True,[     1824.4],[     398.62],True,[     1794.1],[      471.8],True,[     1804.7],[     471.24],True,[     1796.4],[     559.88],True,[     1813.3],[     557.05],True
66,[      741.3],[        102],True,[      700.2],[     93.787],True,[      551.1],[     93.446],True,[     681.05],[     88.752],True,[     966.22],[     164.53],True,[     1647.1],[      287.2],True,[     1634.7],[     288.51],True,[     1662.9],[     347.02],True,[       1626],[     348.62],True,[       1659],[     341.46],True,[       1648],[     340.75],True,[       1654],[      403.4],True,[     1647.8],[     404.73],True,[     1648.9],[     478.05],True,[     1662.4],[     479.33],True,[       1632],[     559.95],True,[       1658],[     561.76],True
67,[     411.02],[     57.679],True,[     1020.1],[     138.35],True,[     424.79],[     72.089],True,[     988.95],[     130.43],True,[     727.26],[      123.9],True,[     1725.6],[     287.94],True,[     1712.8],[     289.28],True,[     1742.3],[     344.95],True,[     1704.5],[     345.61],True,[     1726.9],[     344.68],True,[     1710.4],[     337.73],True,[     1733.1],[     403.36],True,[     1728.2],[     403.52],True,[     1712.2],[     478.36],True,[     1730.9],[     479.11],True,[     1694.3],[     565.27],True,[     1732.9],[     565.67],True
68,[     878.71],[     123.58],True,[     1288.4],[     175.39],True,[      311.3],[     52.879],True,[     1253.3],[     165.58],True,[     518.62],[     88.412],True,[     1789.1],[     287.85],True,[     1782.2],[     287.39],True,[     1802.5],[     346.34],True,[     1774.9],[     344.32],True,[     1776.8],[     346.11],True,[     1764.4],[     335.67],True,[     1800.5],[     403.11],True,[     1800.5],[     401.64],True,[     1764.6],[     479.17],True,[     1790.8],[     478.43],True,[       1748],[     570.22],True,[     1800.1],[     567.63],True
69,[     1253.3],[     178.12],True,[     1504.8],[     206.69],True,[     214.92],[     36.549],True,[     1471.6],[     195.95],True,[      345.7],[     58.981],True,[     1841.5],[     288.86],True,[     1837.2],[     286.95],True,[     1852.6],[     348.06],True,[     1827.9],[     343.45],True,[     1819.9],[     347.71],True,[     1806.4],[      333.6],True,[     1856.2],[     404.43],True,[     1858.7],[     401.67],True,[     1805.8],[     479.96],True,[     1836.9],[     477.59],True,[     1796.1],[        572],True,[     1854.2],[     566.19],True
70,[     836.99],[     119.95],True,[     968.32],[     134.52],True,[        137],[     23.336],True,[     1637.3],[     221.49],True,[     209.06],[     35.714],True,[     1876.3],[     289.53],True,[     1874.2],[     288.62],True,[     1892.2],[     344.58],True,[     1865.6],[     343.35],True,[     1854.1],[     348.02],True,[     1836.6],[     334.85],True,[     1896.1],[      404.9],True,[     1900.4],[      402.4],True,[     1833.4],[     477.91],True,[     1868.1],[     476.03],True,[     1832.5],[     570.59],True,[     1895.3],[     564.29],True
71,[     507.63],[     73.695],True,[     552.67],[     78.263],True,[     76.915],[      13.14],True,[     1759.5],[     242.29],True,[     106.19],[     18.188],True,[     1897.5],[     293.32],True,[     1905.2],[     287.48],True,[     1911.6],[     348.86],True,[     1894.3],[     339.26],True,[     1872.5],[     352.94],True,[     1857.8],[     334.83],True,[     1923.3],[     405.35],True,[     1933.8],[     400.38],True,[     1851.6],[     475.46],True,[     1887.5],[     470.33],True,[     1862.4],[     570.85],True,[     1921.7],[     560.06],True
72,[     259.37],[     38.638],True,[     246.35],[     36.531],True,[     32.875],[     5.6596],True,[     1847.6],[     257.08],True,[     32.804],[     5.6779],True,[     1913.3],[     296.02],True,[     1928.5],[     286.38],True,[     1925.9],[     352.06],True,[     1915.9],[     335.95],True,[     1886.2],[     356.42],True,[       1874],[     334.67],True,[     1943.7],[     405.48],True,[     1958.9],[     398.64],True,[     1865.7],[     473.42],True,[     1902.1],[     465.79],True,[     1885.5],[     570.84],True,[     1941.4],[     556.63],True
73,[     82.027],[     13.436],True,[     722.07],[     109.91],True,[     2.4596],[    0.48721],True,[     1900.6],[     268.87],True,[    -16.129],[    -2.6707],True,[     1919.9],[     294.24],True,[     1937.2],[     288.39],True,[       1933],[     346.63],True,[     1924.3],[     339.46],True,[     1889.6],[      356.2],True,[     1876.9],[     340.78],True,[     1956.6],[      403.9],True,[     1972.5],[     398.59],True,[     1872.1],[     467.72],True,[     1906.8],[      462.2],True,[     1898.9],[     566.77],True,[     1946.7],[     554.79],True
74,[    -36.447],[    -3.5415],True,[     424.76],[     66.992],True,[    -16.938],[    -2.8169],True,[     1928.1],[     277.81],True,[     -45.74],[    -7.7292],True,[     1920.4],[     293.54],True,[     1938.3],[      289.5],True,[     1936.8],[     344.45],True,[     1927.9],[     341.46],True,[       1890],[      359.8],True,[     1877.5],[     348.23],True,[     1962.2],[     402.71],True,[       1978],[     398.02],True,[     1873.9],[      464.1],True,[     1906.9],[     459.29],True,[     1902.5],[     565.44],True,[     1944.1],[     554.14],True
75,[    -108.35],[    -13.979],True,[     203.32],[     34.574],True,[    -27.837],[     -4.679],True,[     1935.3],[     285.28],True,[    -60.799],[    -10.308],True,[     1915.1],[     294.71],True,[     1930.3],[      293.8],True,[     1931.7],[     343.29],True,[     1921.2],[     347.31],True,[     1883.8],[     365.94],True,[     1869.2],[      359.9],True,[     1961.8],[     403.28],True,[     1975.1],[     399.95],True,[       1871],[     462.17],True,[     1901.6],[     459.23],True,[     1895.7],[     564.38],True,[     1934.8],[     555.46],True
76,[    -145.13],[    -19.457],True,[     47.368],[     11.362],True,[    -32.507],[    -5.4828],True,[     1930.1],[     291.33],True,[    -65.476],[    -11.118],True,[     1906.3],[     297.26],True,[     1920.4],[     298.31],True,[     1920.7],[     344.52],True,[     1912.9],[     353.44],True,[     1873.1],[     373.06],True,[     1860.5],[     371.98],True,[     1956.4],[     404.69],True,[     1968.7],[     402.19],True,[     1864.8],[     461.72],True,[     1894.6],[     460.05],True,[     1881.8],[     563.95],True,[     1921.7],[     556.61],True
77,[    -156.82],[    -21.369],True,[    -54.852],[    -4.1955],True,[    -32.872],[    -5.5547],True,[     1914.8],[     296.73],True,[    -63.226],[    -10.745],True,[     1893.1],[     299.12],True,[     1906.6],[     302.94],True,[     1907.1],[     346.45],True,[     1209.5],[     224.75],True,[     1859.1],[      383.8],True,[     1848.8],[     385.12],True,[     1945.6],[     407.05],True,[     1957.9],[     405.78],True,[     1851.7],[     462.04],True,[     1885.1],[     462.13],True,[     1860.6],[     563.46],True,[     1907.6],[     558.12],True
78,[    -151.74],[    -20.879],True,[    -115.03],[    -13.684],True,[     -30.49],[    -5.1586],True,[     1898.4],[     299.54],True,[    -56.781],[    -9.6564],True,[       1883],[      300.4],True,[     1895.5],[     306.18],True,[     1896.5],[     348.03],True,[     669.33],[     125.64],True,[     1848.4],[     391.49],True,[     1839.8],[     394.47],True,[     1936.7],[     408.82],True,[     1948.6],[     408.41],True,[     1841.5],[     462.56],True,[     1877.4],[     463.83],True,[     1844.2],[     563.27],True,[     1896.6],[     559.29],True
79,[    -136.47],[     -18.91],True,[    -143.88],[    -18.586],True,[    -26.564],[    -4.4988],True,[     1878.5],[     302.86],True,[    -48.202],[    -8.2017],True,[       1870],[     302.24],True,[     1882.7],[     310.35],True,[     1883.6],[     347.24],True,[     275.12],[     53.098],True,[     1836.9],[     400.69],True,[       1159],[      254.2],True,[     1926.5],[     409.75],True,[     1939.4],[     410.64],True,[     1830.1],[     464.25],True,[     1872.7],[     467.39],True,[     1825.3],[     564.14],True,[     1890.6],[     562.06],True
80,[    -115.99],[    -16.165],True,[    -150.66],[    -20.205],True,[    -21.975],[    -3.7247],True,[     1854.1],[     308.86],True,[    -38.955],[    -6.6317],True,[     1855.5],[     307.51],True,[     1870.7],[     317.81],True,[     1865.4],[     348.53],True,[     4.3917],[     3.0789],True,[     1820.3],[     411.14],True,[     637.12],[     145.44],True,[     1916.3],[     412.93],True,[     1932.5],[     415.18],True,[     1816.1],[     464.44],True,[       1869],[     470.54],True,[       1803],[     562.92],True,[     1888.1],[     564.49],True
81,[    -93.849],[    -13.148],True,[    -142.97],[    -19.621],True,[    -17.332],[    -2.9401],True,[     1832.6],[     315.82],True,[    -30.022],[    -5.1136],True,[     1841.1],[      314.2],True,[     1861.3],[     324.31],True,[     1845.4],[      354.5],True,[    -166.87],[    -28.743],True,[     1804.1],[     422.18],True,[     257.02],[     65.227],True,[     1904.8],[      415.6],True,[     1925.5],[     418.14],True,[     1802.9],[     465.74],True,[     1866.1],[     472.95],True,[     1783.3],[     562.52],True,[       1886],[     565.61],True
82,[    -72.411],[    -10.198],True,[    -126.75],[    -17.694],True,[    -13.023],[    -2.2112],True,[     1807.8],[     325.36],True,[    -21.998],[    -3.7489],True,[     1821.6],[     323.76],True,[     1847.5],[     330.25],True,[     1821.7],[     368.88],True,[    -261.73],[    -46.549],True,[     1784.5],[     437.03],True,[    -3.3555],[     9.4037],True,[     1892.8],[     417.38],True,[     1918.5],[     419.02],True,[     1790.1],[     469.13],True,[     1863.7],[     475.16],True,[     1768.2],[     565.34],True,[     1886.7],[      566.8],True
83,[    -53.124],[    -7.5254],True,[    -106.45],[    -15.071],True,[    -9.2686],[    -1.5753],True,[     1786.1],[     334.72],True,[    -15.184],[    -2.5895],True,[     1803.1],[     333.64],True,[     1835.8],[     338.83],True,[     1801.2],[     381.86],True,[    -300.82],[    -54.092],True,[     1768.2],[     448.19],True,[    -167.47],[    -26.585],True,[     1880.5],[     419.78],True,[     1911.3],[     421.48],True,[     1776.3],[     472.15],True,[       1859],[     478.21],True,[     1755.7],[     569.38],True,[     1886.9],[      570.5],True
84,[    -36.727],[    -5.2404],True,[    -85.168],[    -12.218],True,[    -6.1617],[    -1.0487],True,[     1770.8],[     340.85],True,[    -9.6756],[    -1.6518],True,[     1790.5],[     340.48],True,[       1828],[     344.68],True,[     1787.4],[     391.18],True,[     -301.6],[    -54.556],True,[     1757.3],[     455.47],True,[    -257.77],[    -47.194],True,[     1872.1],[     421.28],True,[     1906.4],[     422.98],True,[     1767.1],[     474.34],True,[     1855.8],[     480.34],True,[     1748.1],[     572.51],True,[     1887.5],[     573.29],True
85,[    -23.457],[    -3.3814],True,[    -64.968],[    -9.4457],True,[     611.61],[      102.5],True,[     1110.2],[      219.8],True,[     604.12],[     101.56],True,[     1725.9],[     332.75],True,[     1744.5],[      337.5],True,[     1736.7],[     383.98],True,[     324.52],[      86.52],True,[     1719.9],[     416.31],True,[     321.89],[     70.812],True,[     1775.8],[     424.05],True,[     1794.7],[     427.85],True,[     1732.7],[      477.6],True,[     1794.6],[     484.55],True,[     1705.9],[     572.47],True,[     1805.3],[     576.45],True
86,[    -13.216],[    -1.9391],True,[    -47.054],[    -6.9452],True,[     470.31],[     78.824],True,[     1243.8],[     258.89],True,[     465.43],[     78.246],True,[     1721.9],[     346.02],True,[       1750],[     345.36],True,[     1729.2],[     400.69],True,[     221.25],[     61.207],True,[     1715.5],[        433],True,[     178.87],[     39.845],True,[     1786.1],[     424.72],True,[     1811.6],[     426.33],True,[     1733.4],[     483.66],True,[     1807.5],[     487.12],True,[     1711.7],[      577.1],True,[     1827.4],[     576.36],True
87,[    -5.7001],[   -0.87451],True,[    -32.005],[    -4.8147],True,[     343.73],[     57.611],True,[     728.14],[     158.68],True,[     959.64],[     157.15],True,[     1685.2],[     333.09],True,[     1698.6],[     335.86],True,[       1702],[     387.99],True,[      750.6],[     177.91],True,[     1703.3],[     397.31],True,[      700.9],[     141.99],True,[     1720.2],[     424.11],True,[     1732.5],[      428.3],True,[     1716.9],[     483.57],True,[     1759.9],[     489.14],True,[     1691.3],[     573.49],True,[     1760.5],[     577.21],True
88,[   -0.50254],[   -0.13293],True,[    -19.962],[    -3.0872],True,[     236.52],[     39.642],True,[      974.2],[     221.21],True,[     709.99],[     116.15],True,[     1683.4],[     354.23],True,[     1712.2],[     350.59],True,[     1693.1],[     413.66],True,[     544.94],[     129.55],True,[     1695.2],[     425.62],True,[     483.26],[     97.242],True,[     1738.3],[     425.33],True,[     1762.6],[     426.57],True,[     1710.7],[     490.08],True,[     1782.3],[     491.12],True,[     1685.3],[     579.87],True,[     1797.5],[     577.57],True
89,[     2.8187],[     0.3458],True,[    -10.773],[    -1.7513],True,[     150.03],[     25.148],True,[       1190],[      274.2],True,[     495.97],[     81.044],True,[     1683.8],[     372.19],True,[     1728.3],[     365.48],True,[     1680.6],[     434.04],True,[      371.8],[      88.72],True,[     1683.4],[     448.16],True,[     307.47],[     61.266],True,[     1750.6],[     426.97],True,[     1786.1],[     426.75],True,[     1704.2],[     493.98],True,[     1803.1],[     492.75],True,[     1674.1],[     583.07],True,[     1827.9],[     577.65],True
90,[     4.6914],[    0.62055],True,[    -4.1155],[   -0.76874],True,[     83.516],[     13.999],True,[     1367.3],[     314.77],True,[     321.45],[      52.44],True,[     1686.4],[     384.54],True,[     1742.6],[     375.55],True,[     1673.2],[     448.41],True,[     232.95],[     55.897],True,[     1675.3],[     465.54],True,[     172.06],[     33.685],True,[     1762.7],[      427.8],True,[     1806.8],[     426.41],True,[     1700.9],[     496.38],True,[     1820.4],[     493.42],True,[     1667.4],[     585.25],True,[     1852.9],[     577.35],True
91,[      5.501],[     0.7447],True,[    0.41429],[  -0.087379],True,[     667.68],[     108.94],True,[     875.45],[     206.75],True,[     813.06],[     131.68],True,[       1679],[     363.88],True,[     1712.4],[     355.94],True,[     1046.8],[     290.12],True,[      750.3],[     163.19],True,[     1050.2],[     299.36],True,[     708.55],[     142.63],True,[     1718.9],[     428.58],True,[     1744.7],[     428.25],True,[     1703.6],[     490.75],True,[     1781.8],[     488.91],True,[     1665.9],[     579.02],True,[     1789.6],[      573.7],True
92,[      5.575],[    0.76391],True,[     3.2411],[    0.34972],True,[     1123.3],[     184.52],True,[     495.38],[     122.12],True,[     1198.4],[     194.67],True,[     1674.8],[     346.71],True,[     1694.9],[     340.76],True,[     568.21],[     167.14],True,[     1154.6],[     248.22],True,[     572.16],[     170.66],True,[     1131.1],[      234.1],True,[       1682],[     428.16],True,[     1696.7],[     428.83],True,[     1701.3],[     486.06],True,[     1750.5],[     485.44],True,[     1662.5],[     574.93],True,[     1739.8],[      572.6],True
93,[     5.1787],[    0.71534],True,[     4.7681],[    0.59787],True,[     1461.6],[     239.88],True,[     216.08],[     58.991],True,[     1484.9],[     241.65],True,[     1675.7],[     332.78],True,[     1685.5],[     329.23],True,[      220.9],[     76.222],True,[     1450.8],[     311.87],True,[     224.87],[     75.854],True,[     1445.1],[     304.74],True,[     1655.9],[     422.88],True,[     1662.6],[     424.13],True,[     1694.7],[     484.97],True,[     1722.1],[     485.12],True,[     1660.2],[     572.49],True,[     1703.4],[     574.25],True
94,[     4.5171],[    0.62784],True,[     5.3533],[    0.70703],True,[     1700.9],[     282.36],True,[     22.579],[      14.45],True,[     1688.8],[     278.58],True,[     1681.9],[     325.88],True,[     1684.5],[     323.98],True,[     614.34],[        151],True,[     1659.9],[     359.74],True,[     629.97],[     148.02],True,[     1669.8],[     356.33],True,[     1639.4],[     418.92],True,[     1640.2],[      420.2],True,[     1687.1],[     487.81],True,[     1697.9],[     488.28],True,[       1656],[     571.41],True,[     1673.7],[     576.16],True
95,[     3.7405],[    0.52271],True,[     5.2974],[    0.71977],True,[     1212.2],[     201.38],True,[    -101.37],[    -14.817],True,[     1823.6],[     303.52],True,[     1690.8],[     319.11],True,[     1685.5],[     318.58],True,[     319.49],[     77.769],True,[     1795.9],[     391.46],True,[     331.85],[     73.525],True,[     1818.3],[      389.6],True,[     1626.6],[     414.06],True,[       1621],[      415.5],True,[     1680.3],[     487.77],True,[     1678.1],[     489.24],True,[     1653.3],[     571.01],True,[       1652],[     578.37],True
96,[      2.953],[    0.41481],True,[     4.8412],[    0.67062],True,[     807.41],[     134.26],True,[    -171.57],[    -32.117],True,[       1902],[     318.48],True,[     1697.9],[     314.42],True,[     1687.6],[      314.9],True,[     107.95],[     25.357],True,[     1874.3],[     410.13],True,[     117.28],[     20.652],True,[       1906],[     409.43],True,[     1619.5],[     410.69],True,[     1609.8],[     412.25],True,[       1676],[     487.79],True,[     1665.6],[     490.01],True,[     1652.2],[     570.94],True,[     1638.9],[     580.08],True
97,[     2.2212],[    0.31373],True,[     4.1686],[    0.58631],True,[     1133.7],[     196.63],True,[    -202.25],[    -40.487],True,[     1937.9],[      329.2],True,[     1706.8],[     312.77],True,[     1688.4],[     313.96],True,[    -34.168],[    -9.7458],True,[     1906.8],[     419.65],True,[    -27.503],[    -14.369],True,[     1946.8],[     419.34],True,[     1618.5],[      407.1],True,[     1602.4],[     408.91],True,[     1672.7],[     487.43],True,[     1653.6],[     491.24],True,[     1651.5],[     569.09],True,[     1627.2],[        581],True
98,[     1.5828],[      0.225],True,[     3.4127],[     0.4865],True,[     1389.4],[      246.3],True,[    -205.56],[    -42.554],True,[     1944.9],[     334.86],True,[       1712],[     312.98],True,[     1688.9],[     315.26],True,[    -121.18],[    -31.133],True,[     1912.5],[     424.42],True,[    -116.72],[    -35.337],True,[     1956.5],[     421.05],True,[     1618.4],[     404.54],True,[     1598.4],[     406.94],True,[     1670.1],[      486.9],True,[       1646],[     492.46],True,[     1651.9],[     568.47],True,[     1621.5],[     582.77],True
99,[     1.0539],[     0.1511],True,[     2.6643],[    0.38483],True,[     933.23],[     166.73],True,[    -191.31],[    -40.478],True,[     1932.7],[     338.74],True,[     1706.8],[     313.89],True,[     1689.3],[     319.75],True,[    -166.48],[    -42.161],True,[     1896.2],[     426.11],True,[    -163.77],[    -45.766],True,[     1940.4],[     418.69],True,[     1610.9],[     403.63],True,[     1594.4],[     407.76],True,[     1668.2],[      483.7],True,[     1644.6],[     491.17],True,[     1653.4],[     567.14],True,[       1619],[     583.81],True
100,[    0.63632],[   0.092437],True,[     1.9802],[    0.29007],True,[     571.07],[     103.24],True,[    -167.11],[    -35.951],True,[     1904.3],[     338.88],True,[     1697.8],[      315.1],True,[     1685.4],[     324.74],True,[     439.65],[     94.808],True,[     1867.7],[     430.36],True,[     455.27],[     89.048],True,[     1912.5],[     418.78],True,[     1604.2],[     405.63],True,[     1590.1],[     411.66],True,[     1673.4],[     479.19],True,[     1643.8],[     488.62],True,[     1669.1],[     563.12],True,[     1614.9],[     582.26],True
101,[    0.32213],[    0.04806],True,[      1.391],[     0.2072],True,[     297.05],[      54.96],True,[    -138.56],[    -30.236],True,[     1869.1],[     337.62],True,[     1687.1],[     315.11],True,[     1680.3],[     328.36],True,[     299.82],[     63.461],True,[     1827.5],[     431.16],True,[     311.18],[      59.01],True,[     1866.9],[     435.72],True,[     1595.3],[     406.73],True,[     1586.8],[     414.48],True,[     1668.3],[      470.6],True,[     1650.9],[     481.67],True,[     1655.7],[     556.99],True,[     1620.8],[     577.39],True
102,[   0.098175],[   0.016226],True,[    0.90843],[    0.13842],True,[     100.46],[     20.112],True,[    -109.52],[    -24.226],True,[     1834.6],[     334.86],True,[     1678.9],[     315.17],True,[     1676.6],[     331.09],True,[     187.71],[     38.629],True,[     1789.5],[      429.8],True,[     195.49],[     35.357],True,[     1824.8],[     445.55],True,[     1589.6],[     407.49],True,[     1585.6],[     416.55],True,[     1664.7],[     464.03],True,[     1657.1],[     476.38],True,[     1645.3],[      552.4],True,[     1626.3],[     573.65],True
103,[  -0.051008],[ -0.0051611],True,[    0.53164],[   0.083996],True,[     602.05],[     115.13],True,[    -82.491],[    -18.507],True,[     1800.5],[        330],True,[     1673.4],[      317.6],True,[     1670.5],[     330.64],True,[     102.03],[     19.882],True,[     1753.4],[     420.17],True,[     106.92],[     17.616],True,[     1792.1],[     433.79],True,[     1588.9],[     410.05],True,[     1584.5],[     418.25],True,[     1665.1],[     461.99],True,[     1657.4],[     473.23],True,[     1641.7],[     551.83],True,[     1625.2],[     571.42],True
104,[   -0.14114],[  -0.018253],True,[    0.25152],[   0.042966],True,[     373.76],[     72.917],True,[    -58.871],[    -13.426],True,[     1768.8],[     328.59],True,[     1665.7],[     319.05],True,[     1663.5],[     332.83],True,[     39.824],[     6.4678],True,[     1719.5],[     415.68],True,[     666.36],[     147.09],True,[     1760.7],[      424.5],True,[     1586.1],[     411.65],True,[     1582.2],[     420.43],True,[     1662.2],[     460.65],True,[     1655.8],[     472.62],True,[     1636.5],[      550.7],True,[     1623.1],[      570.9],True
105,[   -0.18682],[  -0.025067],True,[   0.054688],[   0.013649],True,[     199.94],[     40.473],True,[    -39.282],[    -9.1517],True,[     1740.2],[     326.29],True,[     1650.5],[     318.38],True,[     1656.1],[     336.27],True,[    -2.6091],[    -2.5148],True,[     1693.9],[     414.97],True,[     477.19],[     105.69],True,[     1729.7],[     420.45],True,[     1576.9],[     416.21],True,[     1579.2],[     427.18],True,[     1658.6],[     458.19],True,[     1658.6],[     472.36],True,[     1633.2],[     548.46],True,[       1628],[     570.52],True
106,[   -0.20082],[  -0.027378],True,[  -0.073918],[ -0.0059436],True,[     74.314],[     16.774],True,[    -23.793],[     -5.726],True,[     1710.5],[     323.31],True,[     1636.4],[     318.93],True,[     1643.5],[     340.63],True,[     -29.19],[    -7.9859],True,[     1666.5],[     419.17],True,[     319.85],[     71.152],True,[     1697.6],[     433.98],True,[     1569.9],[     420.73],True,[     1573.6],[     433.71],True,[     1659.2],[     458.47],True,[       1659],[     475.01],True,[     1633.1],[     548.63],True,[     1627.4],[     572.51],True
107,[    -0.1937],[  -0.026661],True,[   -0.14923],[   -0.01784],True,[    -10.898],[    0.48013],True,[    -12.125],[    -3.1083],True,[     1686.2],[     322.23],True,[     1630.3],[     319.83],True,[     1632.2],[     342.91],True,[    -43.652],[    -10.805],True,[     1642.1],[     417.23],True,[     195.11],[     43.695],True,[     1673.9],[     433.24],True,[     1577.4],[     426.93],True,[     1573.7],[     442.32],True,[     1693.3],[     450.96],True,[     1665.8],[     472.46],True,[       1686],[     547.24],True,[     1623.3],[     575.41],True
108,[   -0.17382],[   -0.02409],True,[   -0.18493],[  -0.023933],True,[    -63.827],[    -9.8446],True,[    -3.7951],[    -1.2088],True,[       1669],[     321.19],True,[     1625.9],[     320.34],True,[     1625.2],[     344.73],True,[    -49.314],[    -11.727],True,[     1625.2],[     416.19],True,[     100.85],[     22.889],True,[       1657],[     434.28],True,[     1582.5],[     431.31],True,[     1574.3],[     448.26],True,[     1717.8],[     446.57],True,[     1672.5],[     469.93],True,[     1725.3],[      547.2],True,[     1621.8],[     576.81],True
109,[   -0.14745],[  -0.020553],True,[   -0.19277],[  -0.025878],True,[    -92.171],[    -15.581],True,[     1.7652],[   0.086461],True,[     1650.9],[      321.4],True,[     1622.6],[     321.41],True,[     1613.1],[     345.05],True,[     -48.97],[    -11.377],True,[       1594],[     402.66],True,[     33.332],[     7.9353],True,[     1611.5],[     430.31],True,[     1591.6],[     433.63],True,[     1576.3],[     452.13],True,[     1733.2],[     439.33],True,[     1674.4],[     473.49],True,[       1736],[      543.2],True,[       1620],[     578.99],True
110,[   -0.11909],[  -0.016687],True,[    -0.1824],[   -0.02505],True,[    -102.74],[    -17.964],True,[     5.1352],[     0.8973],True,[     1634.2],[     321.51],True,[     1618.6],[     323.19],True,[     1601.1],[     346.46],True,[    -44.862],[    -10.252],True,[     1572.8],[     400.03],True,[    -11.941],[    -2.1357],True,[     1597.2],[     430.25],True,[     1597.2],[     434.77],True,[     1575.4],[     454.04],True,[     1747.2],[     436.12],True,[     1680.9],[     472.92],True,[     1740.7],[      544.2],True,[     1616.9],[     580.11],True
111,[  -0.091725],[  -0.012921],True,[   -0.16136],[  -0.022537],True,[    -101.25],[    -18.041],True,[     6.8547],[     1.3379],True,[     1619.1],[     323.27],True,[     1615.2],[     326.43],True,[     1591.3],[     347.11],True,[    -38.704],[     -8.727],True,[     1555.2],[     390.73],True,[    -39.574],[     -8.324],True,[     1576.3],[     427.03],True,[       1601],[     436.29],True,[     1574.2],[     454.69],True,[     1752.2],[     437.33],True,[     1678.6],[      477.3],True,[     1729.6],[     547.04],True,[     1613.4],[      583.1],True
112,[   -0.06716],[  -0.009516],True,[   -0.13526],[   -0.01916],True,[    -92.265],[    -16.656],True,[     7.3956],[     1.5097],True,[     1602.1],[     324.79],True,[     1605.4],[      328.6],True,[     1578.1],[     356.16],True,[    -31.741],[     -7.071],True,[     1550.4],[     404.66],True,[    -53.874],[    -11.569],True,[     1571.1],[     436.86],True,[     1604.3],[     436.44],True,[     1574.9],[     457.56],True,[     1751.5],[     440.15],True,[     1675.4],[     483.86],True,[     1721.2],[     548.61],True,[     1611.4],[      584.5],True
113,[  -0.046316],[ -0.0066106],True,[   -0.10803],[  -0.015505],True,[    -79.261],[    -14.459],True,[     7.1495],[     1.4983],True,[     1001.4],[     205.49],True,[     1605.1],[     368.31],True,[     1582.5],[     382.93],True,[     570.82],[     179.68],True,[     968.88],[     255.55],True,[     531.78],[     188.83],True,[     981.08],[     277.29],True,[     1642.6],[     441.28],True,[     1618.7],[     454.35],True,[       1733],[     469.87],True,[       1673],[      497.5],True,[     1708.2],[     560.37],True,[     1618.7],[        579],True
114,[  -0.029477],[ -0.0042512],True,[  -0.082261],[  -0.011966],True,[    -64.754],[    -11.923],True,[     6.4261],[      1.372],True,[     542.59],[     113.86],True,[     1606.1],[     398.37],True,[     1587.6],[     402.86],True,[     1034.5],[     323.23],True,[     524.79],[     141.11],True,[     986.95],[     344.33],True,[     530.62],[     154.52],True,[     1671.7],[     445.02],True,[     1652.5],[     451.78],True,[     1717.2],[     493.27],True,[     1670.8],[     508.15],True,[       1698],[     569.64],True,[     1625.5],[     574.92],True
115,[  -0.016504],[ -0.0024238],True,[  -0.059455],[  -0.008781],True,[    -50.451],[    -9.3741],True,[     5.4587],[     1.1833],True,[     209.82],[     46.956],True,[     1608.4],[     423.02],True,[     1596.7],[     420.17],True,[     1373.4],[      433.1],True,[     202.73],[     57.645],True,[     1323.8],[     469.29],True,[     204.08],[     64.729],True,[     1693.2],[     452.15],True,[     1681.1],[     454.53],True,[     1692.9],[     514.44],True,[     1668.7],[     520.31],True,[     1693.7],[     575.86],True,[       1656],[     571.38],True
116,[ -0.0070022],[ -0.0010776],True,[  -0.040333],[ -0.0060725],True,[    -37.412],[    -7.0204],True,[     589.36],[     157.15],True,[    -16.936],[      0.991],True,[     1608.1],[     438.79],True,[       1605],[     430.13],True,[     1602.7],[     506.08],True,[     574.95],[     179.96],True,[     1555.3],[     553.68],True,[    -18.281],[     2.9029],True,[     1709.7],[     459.09],True,[       1705],[     458.08],True,[     1677.6],[     534.07],True,[       1672],[     532.49],True,[     1699.4],[     579.87],True,[     1685.6],[      567.4],True
117,[-0.00044754],[ -0.0001421],True,[  -0.025056],[ -0.0038801],True,[    -26.208],[    -4.9767],True,[     1035.7],[     278.38],True,[    -158.74],[    -28.106],True,[     1605.8],[     450.19],True,[     1610.7],[     438.09],True,[     1745.6],[     552.35],True,[     300.11],[        102],True,[     1702.9],[     607.32],True,[    -157.21],[    -36.359],True,[     1716.7],[     464.85],True,[     1719.6],[      461.7],True,[     1661.6],[     545.24],True,[     1676.9],[     538.78],True,[     1692.9],[     583.28],True,[     1709.9],[     565.88],True
118,[  0.0037261],[ 0.00045979],True,[  -0.013421],[ -0.0021878],True,[    -17.052],[     -3.291],True,[     1338.6],[     381.26],True,[    -235.66],[    -44.243],True,[     1593.1],[     463.24],True,[     1596.5],[      446.4],True,[     1829.2],[     588.86],True,[     688.86],[     229.97],True,[     1795.1],[     643.06],True,[     346.94],[     147.37],True,[     1722.8],[     466.05],True,[     1725.5],[     460.32],True,[     1652.2],[     556.22],True,[     1673.9],[     543.35],True,[     1692.8],[      586.5],True,[     1723.3],[     560.09],True
119,[  0.0060649],[ 0.00080324],True,[ -0.0050095],[-0.00094552],True,[    -9.9173],[    -1.9654],True,[     1562.1],[     440.69],True,[    -265.49],[    -50.914],True,[     1590.6],[     468.71],True,[     1602.6],[     449.34],True,[     1861.4],[     603.58],True,[     419.76],[     147.13],True,[     1834.6],[     660.81],True,[     183.14],[     90.342],True,[     1718.9],[     472.79],True,[     1728.3],[     465.76],True,[     1638.6],[     564.05],True,[     1671.9],[     548.98],True,[     1686.7],[     588.44],True,[       1734],[     559.25],True
120,[  0.0070595],[ 0.00095624],True,[   0.000699],[-8.6142e-05],True,[    -4.6249],[   -0.97228],True,[       1125],[     317.76],True,[    -263.23],[    -51.081],True,[     1587.5],[     468.67],True,[     1609.2],[     448.06],True,[     1858.8],[     602.85],True,[     216.52],[     83.136],True,[     1839.5],[     663.75],True,[     65.181],[     47.159],True,[     1713.1],[     475.03],True,[     1730.2],[     467.29],True,[     1628.9],[     567.83],True,[     1674.9],[     551.72],True,[     1680.2],[     592.81],True,[     1743.6],[     563.68],True
121,[     560.22],[     157.04],True,[     562.68],[     153.25],True,[   -0.91629],[   -0.26809],True,[       1329],[     368.21],True,[    -240.88],[    -47.128],True,[     1579.8],[      466.3],True,[     1593.6],[      447.3],True,[     1838.9],[     597.74],True,[     71.005],[     36.132],True,[     1823.8],[     661.03],True,[    -14.466],[      16.15],True,[       1705],[     482.23],True,[     1715.9],[     475.62],True,[     1620.8],[     578.35],True,[     1660.5],[     562.79],True,[       1690],[     593.14],True,[     1745.1],[     562.96],True
122,[     978.05],[     283.44],True,[     984.74],[     277.96],True,[     1.4978],[    0.19777],True,[     1468.6],[     409.72],True,[    -207.64],[    -40.887],True,[     1572.8],[     468.96],True,[     1555.5],[     447.89],True,[     1812.9],[      596.2],True,[     507.79],[     188.46],True,[     1799.5],[     660.86],True,[     470.38],[     200.58],True,[     1697.9],[     487.41],True,[     1691.3],[      479.9],True,[     1612.6],[        591],True,[     1644.2],[     573.47],True,[     1699.5],[     594.25],True,[     1743.8],[      562.8],True
123,[     1277.6],[     383.84],True,[     1287.3],[     376.95],True,[     2.9029],[    0.47617],True,[     1556.8],[     444.45],True,[    -170.15],[    -33.699],True,[     1566.6],[     473.45],True,[     1518.7],[      453.4],True,[     1781.1],[     592.97],True,[      852.1],[     315.62],True,[     1773.1],[     658.39],True,[     848.78],[     355.41],True,[     1687.9],[     493.16],True,[     1662.3],[     485.84],True,[     1605.6],[     602.42],True,[     1622.4],[     582.02],True,[     1708.3],[      595.8],True,[     1734.9],[     563.08],True
124,[     1472.8],[     458.34],True,[     1484.8],[     450.76],True,[     3.5593],[    0.61409],True,[     1604.2],[     471.66],True,[    -132.97],[    -26.483],True,[     1560.7],[     479.92],True,[     1494.3],[     458.67],True,[     1746.9],[     591.26],True,[       1116],[     418.17],True,[     1744.1],[     655.03],True,[     1130.3],[     480.15],True,[     1681.2],[      497.5],True,[     1644.5],[     488.76],True,[     1601.3],[        611],True,[     1608.5],[     586.32],True,[     1711.7],[     597.94],True,[     1725.8],[      563.8],True
125,[     1588.6],[     515.75],True,[     1601.9],[     508.05],True,[     3.6908],[    0.65236],True,[     1621.4],[     496.59],True,[    -98.928],[    -19.824],True,[     1553.8],[     489.29],True,[     1468.4],[     469.29],True,[     1718.6],[     587.57],True,[     1297.7],[     498.76],True,[     1716.5],[     644.38],True,[     1323.5],[     568.42],True,[     1670.7],[      500.3],True,[     1622.7],[     492.08],True,[     1601.4],[     611.75],True,[     1599.7],[     583.27],True,[     1711.7],[     597.58],True,[     1717.5],[      562.2],True
126,[     1649.2],[     550.89],True,[     1663.3],[     543.27],True,[     3.4806],[     0.6247],True,[     1621.7],[     511.72],True,[    -69.578],[    -14.044],True,[     1549.1],[     495.91],True,[     1450.6],[     476.99],True,[     1692.9],[     583.24],True,[     1420.9],[     554.22],True,[     1691.5],[      634.3],True,[     1451.7],[     627.28],True,[     1663.1],[     501.85],True,[     1607.3],[     494.15],True,[     1602.7],[     610.96],True,[     1594.3],[     579.96],True,[     1711.4],[     596.99],True,[       1711],[     561.02],True
127,[     1668.4],[     574.46],True,[     1682.8],[     564.58],True,[     3.0714],[    0.55759],True,[     1605.7],[     520.63],True,[     -45.52],[    -9.2797],True,[     1539.2],[     504.06],True,[     1440.5],[     483.15],True,[     1662.1],[     585.35],True,[       1504],[     577.83],True,[     1659.7],[     626.01],True,[     1531.4],[     654.55],True,[     1662.6],[     505.92],True,[     1606.3],[     498.36],True,[     1614.3],[     610.45],True,[     1598.7],[     581.62],True,[     1718.9],[     592.84],True,[     1709.3],[     554.25],True
128,[       1135],[     394.59],True,[     1144.8],[     387.73],True,[      2.569],[    0.47093],True,[     1577.1],[     532.98],True,[    -26.715],[    -5.5345],True,[     1525.9],[     513.36],True,[       1426],[        491],True,[     1639.4],[     584.88],True,[     1534.9],[     595.39],True,[     1655.5],[     619.35],True,[     1562.8],[     674.85],True,[     1652.9],[     512.69],True,[       1597],[     504.64],True,[     1615.6],[      610.5],True,[       1601],[     576.45],True,[     1716.6],[     596.54],True,[     1708.9],[     555.09],True
129,[     1222.3],[     447.61],True,[     1232.7],[     441.24],True,[     2.0477],[     0.3788],True,[     1544.5],[     540.48],True,[    -12.721],[    -2.7304],True,[     1508.4],[     525.75],True,[     1420.7],[     495.39],True,[       1589],[     591.22],True,[     1548.9],[     602.07],True,[     1586.9],[     610.98],True,[     1569.4],[     680.01],True,[     1644.4],[     519.73],True,[     1594.7],[     506.79],True,[     1616.6],[     613.78],True,[     1608.3],[      570.1],True,[     1713.7],[     601.36],True,[     1708.5],[     553.38],True
130,[     776.89],[     290.24],True,[     1296.9],[     495.33],True,[     1.5559],[    0.29053],True,[     1512.4],[     550.06],True,[    -2.8754],[   -0.74313],True,[     1498.5],[     533.05],True,[     1423.7],[     500.51],True,[     1533.2],[      593.4],True,[     1546.6],[      603.2],True,[     1505.8],[      604.9],True,[     1559.8],[     672.96],True,[     1636.6],[     527.34],True,[     1592.6],[     512.69],True,[     1616.6],[     614.46],True,[     1601.7],[     561.65],True,[     1705.3],[     599.34],True,[     1695.6],[     551.94],True
131,[     433.95],[     167.83],True,[     831.63],[     326.09],True,[     1.1218],[    0.21173],True,[     1495.1],[     549.76],True,[     3.5688],[    0.57048],True,[     1490.4],[     535.47],True,[     1451.8],[     500.85],True,[       1493],[        590],True,[     1568.4],[     590.22],True,[     1452.9],[      594.3],True,[     1565.6],[     653.84],True,[     1628.6],[     530.49],True,[     1605.2],[     515.96],True,[     1620.7],[      606.8],True,[       1613],[     562.44],True,[     1701.5],[     596.64],True,[     1695.5],[     552.83],True
132,[     182.98],[      77.22],True,[     471.83],[     193.33],True,[     0.7586],[    0.14516],True,[     1482.2],[     546.39],True,[     7.3535],[     1.3545],True,[     1486.2],[     535.65],True,[     1475.8],[     499.83],True,[     1465.6],[     586.74],True,[     1575.9],[     576.59],True,[     1416.7],[     586.99],True,[     1023.2],[      425.4],True,[     1623.4],[     532.87],True,[     1616.1],[     518.67],True,[     1623.5],[     601.46],True,[       1622],[     564.46],True,[     1698.6],[     594.33],True,[     1696.5],[     553.96],True
133,[     540.88],[     212.65],True,[     738.11],[     290.52],True,[    0.46904],[   0.091594],True,[     1470.5],[     542.21],True,[     9.1585],[     1.7418],True,[       1482],[     536.75],True,[     1491.1],[     500.64],True,[     1445.4],[     587.97],True,[     1568.9],[     568.61],True,[     1391.2],[     585.25],True,[     1126.4],[     461.91],True,[     1618.6],[     538.79],True,[     1622.4],[     525.36],True,[     1629.2],[     598.98],True,[     1630.9],[      568.4],True,[     1701.5],[     592.87],True,[       1702],[     556.02],True
134,[     307.38],[     125.32],True,[     431.07],[     174.75],True,[    0.24897],[   0.050501],True,[     925.51],[     346.22],True,[     9.5704],[     1.8479],True,[     1469.7],[     542.35],True,[     1482.1],[     513.63],True,[     1430.5],[     587.93],True,[     1011.6],[     363.66],True,[       1379],[     580.04],True,[     688.68],[     279.96],True,[     1610.8],[     545.52],True,[     1615.8],[     534.83],True,[     1627.1],[     600.06],True,[       1630],[     569.93],True,[     1700.3],[     593.26],True,[     1699.1],[     561.16],True
135,[     135.54],[      60.23],True,[     202.98],[     87.776],True,[   0.090255],[   0.020547],True,[     507.94],[     194.98],True,[     509.46],[     212.81],True,[     1452.4],[     551.94],True,[     1462.3],[     531.66],True,[       1416],[     586.89],True,[     1109.2],[     408.81],True,[     1361.5],[     570.93],True,[     868.25],[     347.27],True,[     1593.7],[     549.85],True,[     1595.6],[     541.62],True,[     1625.1],[     599.77],True,[     1628.3],[      567.5],True,[     1697.4],[      590.1],True,[     1693.8],[     560.19],True
136,[     16.289],[     14.351],True,[     42.859],[     25.895],True,[  -0.017116],[ 3.4319e-06],True,[     732.48],[     278.72],True,[     392.01],[     163.53],True,[       1449],[     554.56],True,[     1476.4],[     527.08],True,[       1414],[     590.79],True,[      667.1],[     245.24],True,[     1364.3],[     569.25],True,[     512.04],[     201.81],True,[     1583.3],[     555.65],True,[     1595.4],[      545.7],True,[     1627.7],[     596.56],True,[     1634.9],[     567.71],True,[     1693.4],[     589.58],True,[     1694.1],[     558.64],True
137,[    -60.291],[    -15.753],True,[    -61.635],[    -15.228],True,[  -0.083541],[  -0.012966],True,[     401.42],[     156.69],True,[     286.72],[     119.42],True,[     1428.8],[     567.82],True,[     1445.5],[     536.19],True,[       1405],[     597.65],True,[     851.41],[     322.03],True,[     1354.9],[     569.67],True,[     246.48],[     93.943],True,[       1567],[     562.97],True,[     1573.1],[     548.65],True,[     1626.5],[      599.8],True,[     1631.5],[     556.47],True,[     1688.1],[     593.15],True,[     1687.7],[     544.42],True
138,[    -103.85],[    -33.506],True,[    -122.71],[     -39.98],True,[   -0.11884],[  -0.020124],True,[     160.52],[     67.203],True,[     197.47],[     82.083],True,[     1414.2],[     577.16],True,[     1421.4],[     542.83],True,[     1400.6],[     602.48],True,[     1011.3],[        388],True,[     1352.2],[     570.79],True,[     59.243],[     18.381],True,[     1555.6],[     567.79],True,[     1556.5],[     550.35],True,[     1625.3],[     602.59],True,[     1628.6],[        548],True,[       1684],[     596.33],True,[     1682.9],[     533.56],True
139,[    -123.09],[    -42.052],True,[    -151.51],[    -52.429],True,[   -0.13168],[  -0.023044],True,[    -4.3188],[     5.3671],True,[     125.43],[     51.991],True,[     1411.2],[     578.32],True,[     1425.3],[     535.05],True,[     1401.5],[     602.26],True,[     626.85],[     242.23],True,[     844.54],[     358.75],True,[     -63.67],[    -30.783],True,[     1540.8],[     572.45],True,[       1547],[     550.91],True,[     1618.4],[     605.21],True,[     1625.2],[      548.6],True,[     1681.1],[     604.01],True,[     1684.4],[     535.02],True
140,[    -198.73],[    -69.864],False,[    -249.73],[    -88.899],False,[   -0.20485],[  -0.036521],False,[    -171.13],[     -54.01],False,[     110.86],[     45.719],False,[     1401.1],[     584.39],False,[     1418.7],[     538.21],False,[     1391.3],[     604.55],False,[     529.57],[     207.42],False,[     723.78],[     311.06],False,[    -215.75],[     -94.05],False,[     1529.2],[     577.75],False,[     1537.4],[     554.31],False,[       1617],[     606.16],False,[     1624.9],[     545.79],False,[     1678.1],[     606.24],False,[     1682.4],[     531.71],False
141,[    -274.37],[    -97.676],False,[    -347.95],[    -125.37],False,[   -0.27802],[  -0.049997],False,[    -337.95],[    -113.39],False,[     96.292],[     39.447],False,[       1391],[     590.46],False,[       1412],[     541.37],False,[     1381.1],[     606.85],False,[     432.29],[     172.62],False,[     603.02],[     263.37],False,[    -367.83],[    -157.32],False,[     1517.5],[     583.05],False,[     1527.8],[     557.71],False,[     1615.7],[     607.11],False,[     1624.6],[     542.97],False,[     1675.2],[     608.47],False,[     1680.4],[     528.41],False
142,[    -350.01],[    -125.49],False,[    -446.17],[    -161.84],False,[   -0.35119],[  -0.063474],False,[    -504.76],[    -172.76],False,[     81.721],[     33.174],False,[     1380.9],[     596.53],False,[     1405.4],[     544.52],False,[       1371],[     609.15],False,[        335],[     137.82],False,[     482.26],[     215.69],False,[    -519.92],[    -220.58],False,[     1505.8],[     588.34],False,[     1518.3],[     561.11],False,[     1614.3],[     608.06],False,[     1624.2],[     540.16],False,[     1672.2],[      610.7],False,[     1678.4],[      525.1],False
143,[    -425.65],[     -153.3],False,[    -544.39],[    -198.31],False,[   -0.42436],[  -0.076951],False,[    -671.58],[    -232.14],False,[     67.151],[     26.902],False,[     1370.8],[      602.6],False,[     1398.7],[     547.68],False,[     1360.8],[     611.44],False,[     237.72],[     103.01],False,[      361.5],[        168],False,[       -672],[    -283.85],False,[     1494.2],[     593.64],False,[     1508.7],[     564.51],False,[     1612.9],[     609.01],False,[     1623.9],[     537.34],False,[     1669.2],[     612.94],False,[     1676.3],[      521.8],False
144,[    -501.29],[    -181.11],False,[     -642.6],[    -234.78],False,[   -0.49752],[  -0.090428],False,[    -838.39],[    -291.52],False,[      52.58],[     20.629],False,[     1360.7],[     608.68],False,[     1392.1],[     550.84],False,[     1350.6],[     613.74],False,[     140.44],[     68.209],False,[     240.74],[     120.31],False,[    -824.08],[    -347.12],False,[     1482.5],[     598.94],False,[     1499.2],[      567.9],False,[     1611.5],[     609.95],False,[     1623.5],[     534.52],False,[     1666.3],[     615.17],False,[     1674.3],[     518.49],False
145,[    -125.35],[    -45.392],True,[    -160.96],[    -58.933],True,[   -0.12399],[  -0.022575],True,[     -218.4],[    -76.238],True,[     8.2582],[     3.1193],True,[     1370.3],[     583.41],True,[     1372.5],[     564.95],True,[     1395.3],[     586.53],True,[     1143.5],[     437.09],True,[     1091.1],[     447.84],True,[    -212.09],[    -89.163],True,[     1501.2],[      567.1],True,[     1497.6],[      560.4],True,[     1603.8],[     553.84],True,[     1595.7],[     524.07],True,[       1650],[     547.24],True,[       1641],[     512.26],True
146,[    -66.542],[      -24.3],True,[    -85.974],[    -31.725],True,[  -0.065022],[  -0.011914],True,[    -132.91],[    -46.951],True,[     665.78],[     297.03],True,[     1362.5],[     578.53],True,[     1365.3],[        578],True,[     1411.1],[      561.4],True,[     1342.4],[     502.89],True,[       1278],[     485.44],True,[     629.93],[     212.39],True,[     1497.1],[     564.19],True,[     1492.8],[      568.2],True,[     1599.3],[      539.9],True,[     1591.3],[     526.29],True,[     1644.4],[     531.35],True,[     1636.7],[     514.57],True
147,[    -39.229],[    -14.548],True,[    -51.261],[    -19.182],True,[   -0.03746],[ -0.0069465],True,[    -96.844],[    -34.738],True,[      433.3],[     193.61],True,[     1371.6],[     586.43],True,[     1373.7],[     582.59],True,[       1424],[     560.94],True,[     1441.7],[     537.46],True,[     1365.3],[     508.71],True,[     1026.6],[     359.52],True,[       1507],[     563.51],True,[     1502.4],[     564.93],True,[     1589.4],[     531.71],True,[     1586.3],[      522.1],True,[     1635.8],[     517.97],True,[     1629.8],[     505.02],True
148,[    -21.887],[    -8.3482],True,[    -29.201],[    -11.202],True,[  -0.019989],[ -0.0037954],True,[    -73.324],[    -26.747],True,[     284.31],[     127.33],True,[     1368.7],[     588.84],True,[     1368.4],[     587.97],True,[     1418.5],[     557.15],True,[       1492],[     560.66],True,[     1414.7],[     525.97],True,[     1271.1],[     454.98],True,[     1510.1],[     558.97],True,[     1503.6],[     561.45],True,[     1585.5],[     528.81],True,[     1586.7],[     521.11],True,[     1637.3],[     511.84],True,[     1633.3],[     498.68],True
149,[    -9.7768],[    -3.9896],True,[     -13.72],[    -5.5657],True,[ -0.0079055],[ -0.0016051],True,[    -54.447],[     -20.23],True,[     174.87],[     78.585],True,[     1376.3],[     585.13],True,[     1391.2],[     579.93],True,[     1425.8],[      556.9],True,[     1530.7],[     571.24],True,[     1452.1],[     534.32],True,[       1435],[     517.29],True,[     1515.4],[     551.07],True,[       1520],[     553.02],True,[     1589.2],[      519.3],True,[     1597.5],[     513.79],True,[     1634.4],[     516.11],True,[       1635],[     503.71],True
150,[    -1.4215],[   -0.94705],True,[    -2.9475],[     -1.601],True,[ 0.00029336],[-0.00010614],True,[    -38.487],[    -14.613],True,[     92.874],[     42.017],True,[     1382.4],[     581.83],True,[     1408.8],[     573.28],True,[     1430.6],[     557.05],True,[     1549.5],[     575.79],True,[     1473.7],[     538.99],True,[     1536.8],[     557.09],True,[     1519.9],[     545.02],True,[       1533],[     546.52],True,[     1593.4],[     513.09],True,[     1606.9],[      508.9],True,[     1633.3],[     520.03],True,[     1637.4],[     507.82],True
